Invoice,StockCode,Description,Quantity,InvoiceDate,Price,Customer ID,Country
503798,22436,12 COLOURED PARTY BALLOONS,12,2010-04-07T13:34:00Z,6,15521,United Kingdom
503853,22436,12 COLOURED PARTY BALLOONS,20,2010-04-08T09:56:00Z,6,15358,United Kingdom
503856,22436,12 COLOURED PARTY BALLOONS,20,2010-04-08T10:19:00Z,6,17426,United Kingdom
503869,22436,12 COLOURED PARTY BALLOONS,20,2010-04-08T11:20:00Z,6,17677,United Kingdom
504157,22436,12 COLOURED PARTY BALLOONS,10,2010-04-11T15:34:00Z,6,17221,United Kingdom
504413,22436,12 COLOURED PARTY BALLOONS,20,2010-04-13T12:27:00Z,6,13089,United Kingdom
504594,22436,12 COLOURED PARTY BALLOONS,4,2010-04-15T10:49:00Z,6,15910,United Kingdom
504695,22436,12 COLOURED PARTY BALLOONS,10,2010-04-15T17:06:00Z,6,17799,United Kingdom
505178,22436,12 COLOURED PARTY BALLOONS,10,2010-04-20T13:48:00Z,6,17861,United Kingdom
505189,22436,12 COLOURED PARTY BALLOONS,20,2010-04-20T15:32:00Z,6,13485,United Kingdom
505351,22436,12 COLOURED PARTY BALLOONS,10,2010-04-21T14:17:00Z,6,17884,United Kingdom
505634,22436,12 COLOURED PARTY BALLOONS,5,2010-04-23T13:12:00Z,6,15518,United Kingdom
505854,22436,12 COLOURED PARTY BALLOONS,1,2010-04-26T12:51:00Z,6,14563,United Kingdom
506442,22436,12 COLOURED PARTY BALLOONS,3,2010-04-29T16:45:00Z,6,16520,United Kingdom
507223,22436,12 COLOURED PARTY BALLOONS,10,2010-05-06T19:29:00Z,6,17323,United Kingdom
507256,22436,12 COLOURED PARTY BALLOONS,1,2010-05-07T11:42:00Z,6,17798,United Kingdom
507385,22436,12 COLOURED PARTY BALLOONS,20,2010-05-09T12:05:00Z,6,17332,United Kingdom
507417,22436,12 COLOURED PARTY BALLOONS,20,2010-05-09T14:35:00Z,6,13425,United Kingdom
507479,22436,12 COLOURED PARTY BALLOONS,20,2010-05-10T11:33:00Z,6,15298,United Kingdom
507889,22436,12 COLOURED PARTY BALLOONS,1,2010-05-11T16:35:00Z,6,15862,United Kingdom
507889,22436,12 COLOURED PARTY BALLOONS,2,2010-05-11T16:35:00Z,6,15862,United Kingdom
508079,22436,12 COLOURED PARTY BALLOONS,10,2010-05-12T16:42:00Z,6,17092,United Kingdom
508854,22436,12 COLOURED PARTY BALLOONS,1,2010-05-18T15:13:00Z,10,NA,United Kingdom
508998,22436,12 COLOURED PARTY BALLOONS,6,2010-05-19T13:07:00Z,6,14598,United Kingdom
509001,22436,12 COLOURED PARTY BALLOONS,6,2010-05-19T13:22:00Z,6,15581,United Kingdom
509100,22436,12 COLOURED PARTY BALLOONS,5,2010-05-20T11:49:00Z,6,17841,United Kingdom
509151,22436,12 COLOURED PARTY BALLOONS,10,2010-05-20T13:06:00Z,6,14606,United Kingdom
509155,22436,12 COLOURED PARTY BALLOONS,10,2010-05-20T13:18:00Z,6,17758,United Kingdom
509161,22436,12 COLOURED PARTY BALLOONS,6,2010-05-20T13:42:00Z,6,14850,United Kingdom
509311,22436,12 COLOURED PARTY BALLOONS,20,2010-05-21T12:06:00Z,6,13089,United Kingdom
509455,22436,12 COLOURED PARTY BALLOONS,20,2010-05-24T10:09:00Z,2,17448,United Kingdom
509476,22436,12 COLOURED PARTY BALLOONS,20,2010-05-24T11:21:00Z,2,17448,United Kingdom
509567,22436,12 COLOURED PARTY BALLOONS,20,2010-05-24T13:07:00Z,2,17448,United Kingdom
510173,22436,12 COLOURED PARTY BALLOONS,20,2010-05-27T14:40:00Z,6,18257,United Kingdom
510495,22436,12 COLOURED PARTY BALLOONS,1,2010-06-01T12:37:00Z,6,NA,United Kingdom
510505,22436,12 COLOURED PARTY BALLOONS,20,2010-06-01T12:44:00Z,6,14227,United Kingdom
510550,22436,12 COLOURED PARTY BALLOONS,1,2010-06-01T16:13:00Z,6,NA,United Kingdom
510552,22436,12 COLOURED PARTY BALLOONS,1,2010-06-01T16:17:00Z,6,NA,United Kingdom
510675,22436,12 COLOURED PARTY BALLOONS,5,2010-06-02T16:20:00Z,6,17841,United Kingdom
511051,22436,12 COLOURED PARTY BALLOONS,4,2010-06-06T12:13:00Z,6,12911,United Kingdom
511123,22436,12 COLOURED PARTY BALLOONS,10,2010-06-07T10:56:00Z,6,17673,United Kingdom
511481,22436,12 COLOURED PARTY BALLOONS,6,2010-06-08T14:00:00Z,6,15353,United Kingdom
511817,22436,12 COLOURED PARTY BALLOONS,1,2010-06-10T16:13:00Z,6,NA,United Kingdom
511864,22436,12 COLOURED PARTY BALLOONS,3,2010-06-11T10:23:00Z,6,15910,United Kingdom
511959,22436,12 COLOURED PARTY BALLOONS,20,2010-06-11T13:20:00Z,6,15521,United Kingdom
512453,22436,12 COLOURED PARTY BALLOONS,3,2010-06-15T17:02:00Z,6,NA,United Kingdom
512455,22436,12 COLOURED PARTY BALLOONS,20,2010-06-16T08:54:00Z,6,12957,United Kingdom
512746,22436,12 COLOURED PARTY BALLOONS,1,2010-06-17T14:53:00Z,6,17799,United Kingdom
512746,22436,12 COLOURED PARTY BALLOONS,1,2010-06-17T14:53:00Z,6,17799,United Kingdom
513292,22436,12 COLOURED PARTY BALLOONS,20,2010-06-23T14:14:00Z,6,14621,United Kingdom
513311,22436,12 COLOURED PARTY BALLOONS,2,2010-06-23T15:27:00Z,6,NA,United Kingdom
513615,22436,12 COLOURED PARTY BALLOONS,10,2010-06-27T12:25:00Z,6,15998,United Kingdom
514664,22436,12 COLOURED PARTY BALLOONS,10,2010-07-05T13:03:00Z,6,17774,United Kingdom
515278,22436,12 COLOURED PARTY BALLOONS,1,2010-07-09T13:19:00Z,6,18036,United Kingdom
515312,22436,12 COLOURED PARTY BALLOONS,20,2010-07-11T10:09:00Z,6,17243,United Kingdom
515745,22436,12 COLOURED PARTY BALLOONS,20,2010-07-14T13:07:00Z,6,13971,United Kingdom
516609,22436,12 COLOURED PARTY BALLOONS,10,2010-07-21T14:39:00Z,6,17338,United Kingdom
517339,22436,12 COLOURED PARTY BALLOONS,6,2010-07-28T13:51:00Z,6,16085,United Kingdom
517402,22436,12 COLOURED PARTY BALLOONS,1,2010-07-29T10:43:00Z,10,NA,United Kingdom
517543,22436,12 COLOURED PARTY BALLOONS,2,2010-07-29T16:52:00Z,6,17961,United Kingdom
517626,22436,12 COLOURED PARTY BALLOONS,10,2010-07-30T12:10:00Z,6,16428,United Kingdom
517714,22436,12 COLOURED PARTY BALLOONS,10,2010-08-01T11:22:00Z,6,13869,United Kingdom
518749,22436,12 COLOURED PARTY BALLOONS,20,2010-08-11T12:20:00Z,6,17677,United Kingdom
518983,22436,12 COLOURED PARTY BALLOONS,20,2010-08-12T17:01:00Z,6,13214,United Kingdom
519558,22436,12 COLOURED PARTY BALLOONS,10,2010-08-18T11:16:00Z,6,14057,United Kingdom
519687,22436,12 COLOURED PARTY BALLOONS,20,2010-08-19T13:04:00Z,6,14112,United Kingdom
520754,22436,12 COLOURED PARTY BALLOONS,20,2010-08-31T11:14:00Z,6,15981,United Kingdom
521014,22436,12 COLOURED PARTY BALLOONS,20,2010-09-01T14:55:00Z,6,17611,United Kingdom
521317,22436,12 COLOURED PARTY BALLOONS,10,2010-09-03T12:06:00Z,6,17854,United Kingdom
521353,22436,12 COLOURED PARTY BALLOONS,1,2010-09-03T14:41:00Z,6,18036,United Kingdom
521557,22436,12 COLOURED PARTY BALLOONS,10,2010-09-06T17:13:00Z,6,13983,United Kingdom
521792,22436,12 COLOURED PARTY BALLOONS,4,2010-09-08T13:43:00Z,6,17220,United Kingdom
522030,22436,12 COLOURED PARTY BALLOONS,6,2010-09-10T12:07:00Z,6,15580,United Kingdom
522253,22436,12 COLOURED PARTY BALLOONS,20,2010-09-13T12:29:00Z,6,17426,United Kingdom
523180,22436,12 COLOURED PARTY BALLOONS,20,2010-09-20T16:23:00Z,6,12910,United Kingdom
523656,22436,12 COLOURED PARTY BALLOONS,20,2010-09-23T13:33:00Z,6,18193,United Kingdom
524112,22436,12 COLOURED PARTY BALLOONS,20,2010-09-27T13:24:00Z,6,15358,United Kingdom
524153,22436,12 COLOURED PARTY BALLOONS,1,2010-09-27T15:56:00Z,10,NA,United Kingdom
524267,22436,12 COLOURED PARTY BALLOONS,20,2010-09-28T11:44:00Z,6,17364,United Kingdom
524307,22436,12 COLOURED PARTY BALLOONS,10,2010-09-28T13:54:00Z,6,17092,United Kingdom
525425,22436,12 COLOURED PARTY BALLOONS,10,2010-10-05T13:01:00Z,6,14991,United Kingdom
525483,22436,12 COLOURED PARTY BALLOONS,20,2010-10-05T15:49:00Z,6,16722,United Kingdom
526042,22436,12 COLOURED PARTY BALLOONS,1,2010-10-08T11:49:00Z,6,17864,United Kingdom
526042,22436,12 COLOURED PARTY BALLOONS,4,2010-10-08T11:49:00Z,6,17864,United Kingdom
526156,22436,12 COLOURED PARTY BALLOONS,1,2010-10-08T16:04:00Z,6,NA,United Kingdom
526867,22436,12 COLOURED PARTY BALLOONS,4,2010-10-13T13:32:00Z,6,14204,United Kingdom
527139,22436,12 COLOURED PARTY BALLOONS,20,2010-10-15T10:16:00Z,6,13136,United Kingdom
527375,22436,12 COLOURED PARTY BALLOONS,10,2010-10-17T12:34:00Z,6,14850,United Kingdom
527404,22436,12 COLOURED PARTY BALLOONS,10,2010-10-17T14:30:00Z,6,14800,United Kingdom
528087,22436,12 COLOURED PARTY BALLOONS,4,2010-10-20T13:09:00Z,6,16521,United Kingdom
528340,22436,12 COLOURED PARTY BALLOONS,10,2010-10-21T14:05:00Z,6,17673,United Kingdom
528377,22436,12 COLOURED PARTY BALLOONS,5,2010-10-21T17:38:00Z,6,15998,United Kingdom
528963,22436,12 COLOURED PARTY BALLOONS,20,2010-10-26T09:52:00Z,6,15366,United Kingdom
528990,22436,12 COLOURED PARTY BALLOONS,1,2010-10-26T11:21:00Z,6,14524,United Kingdom
530437,22436,12 COLOURED PARTY BALLOONS,1,2010-11-03T11:13:00Z,6,15915,United Kingdom
530830,22436,12 COLOURED PARTY BALLOONS,3,2010-11-04T13:32:00Z,6,15580,United Kingdom
530951,22436,12 COLOURED PARTY BALLOONS,10,2010-11-04T18:34:00Z,6,15521,United Kingdom
531759,22436,12 COLOURED PARTY BALLOONS,10,2010-11-09T13:34:00Z,6,16740,United Kingdom
532059,22436,12 COLOURED PARTY BALLOONS,20,2010-11-10T14:37:00Z,6,15646,United Kingdom
532977,22436,12 COLOURED PARTY BALLOONS,4,2010-11-15T13:27:00Z,6,16385,United Kingdom
533000,22436,12 COLOURED PARTY BALLOONS,3,2010-11-15T14:49:00Z,6,16686,United Kingdom
533067,22436,12 COLOURED PARTY BALLOONS,12,2010-11-15T17:14:00Z,6,17284,United Kingdom
533115,22436,12 COLOURED PARTY BALLOONS,20,2010-11-16T12:28:00Z,6,14655,United Kingdom
533381,22436,12 COLOURED PARTY BALLOONS,10,2010-11-17T10:55:00Z,6,14417,United Kingdom
533458,22436,12 COLOURED PARTY BALLOONS,1,2010-11-17T12:03:00Z,6,16006,United Kingdom
533554,22436,12 COLOURED PARTY BALLOONS,60,2010-11-17T17:16:00Z,6,13605,United Kingdom
533969,22436,12 COLOURED PARTY BALLOONS,1,2010-11-19T13:16:00Z,6,18022,United Kingdom
535231,22436,12 COLOURED PARTY BALLOONS,40,2010-11-25T12:27:00Z,6,12910,United Kingdom
535332,22436,12 COLOURED PARTY BALLOONS,20,2010-11-25T15:55:00Z,6,18161,United Kingdom
535429,22436,12 COLOURED PARTY BALLOONS,20,2010-11-26T12:13:00Z,6,16138,United Kingdom
535473,22436,12 COLOURED PARTY BALLOONS,3,2010-11-26T13:54:00Z,6,17952,United Kingdom
536001,22436,12 COLOURED PARTY BALLOONS,10,2010-11-29T14:21:00Z,6,17814,United Kingdom
536013,22436,12 COLOURED PARTY BALLOONS,10,2010-11-29T15:26:00Z,6,17673,United Kingdom
536743,22436,12 COLOURED PARTY BALLOONS,10,2010-12-02T13:32:00Z,6,17964,United Kingdom
537025,22436,12 COLOURED PARTY BALLOONS,10,2010-12-03T16:21:00Z,6,NA,United Kingdom
537138,22436,12 COLOURED PARTY BALLOONS,6,2010-12-05T12:44:00Z,6,17211,United Kingdom
537334,22436,12 COLOURED PARTY BALLOONS,2,2010-12-06T12:06:00Z,6,16719,United Kingdom
537366,22436,12 COLOURED PARTY BALLOONS,10,2010-12-06T12:39:00Z,6,14085,United Kingdom
538097,22436,12 COLOURED PARTY BALLOONS,20,2010-12-09T14:56:00Z,6,15192,United Kingdom
536743,22436,12 COLOURED PARTY BALLOONS,10,2010-12-02T13:32:00Z,6,17964,United Kingdom
537025,22436,12 COLOURED PARTY BALLOONS,10,2010-12-03T16:21:00Z,6,NA,United Kingdom
537138,22436,12 COLOURED PARTY BALLOONS,6,2010-12-05T12:44:00Z,6,17211,United Kingdom
537334,22436,12 COLOURED PARTY BALLOONS,2,2010-12-06T12:06:00Z,6,16719,United Kingdom
537366,22436,12 COLOURED PARTY BALLOONS,10,2010-12-06T12:39:00Z,6,14085,United Kingdom
538097,22436,12 COLOURED PARTY BALLOONS,20,2010-12-09T14:56:00Z,6,15192,United Kingdom
539631,22436,12 COLOURED PARTY BALLOONS,1,2010-12-20T15:03:00Z,10,NA,United Kingdom
539733,22436,12 COLOURED PARTY BALLOONS,3,2010-12-21T15:13:00Z,6,NA,United Kingdom
540813,22436,12 COLOURED PARTY BALLOONS,10,2011-01-11T12:41:00Z,6,14669,United Kingdom
541683,22436,12 COLOURED PARTY BALLOONS,20,2011-01-20T15:01:00Z,6,14085,United Kingdom
541684,22436,12 COLOURED PARTY BALLOONS,10,2011-01-20T15:22:00Z,6,15498,United Kingdom
541832,22436,12 COLOURED PARTY BALLOONS,10,2011-01-21T17:14:00Z,6,17889,United Kingdom
542231,22436,12 COLOURED PARTY BALLOONS,10,2011-01-26T13:40:00Z,6,16714,United Kingdom
543544,22436,12 COLOURED PARTY BALLOONS,1,2011-02-09T15:39:00Z,6,NA,United Kingdom
544412,22436,12 COLOURED PARTY BALLOONS,20,2011-02-18T14:21:00Z,6,16531,United Kingdom
544464,22436,12 COLOURED PARTY BALLOONS,10,2011-02-20T14:38:00Z,6,17323,United Kingdom
544586,22436,12 COLOURED PARTY BALLOONS,9,2011-02-21T15:04:00Z,6,17338,United Kingdom
544601,22436,12 COLOURED PARTY BALLOONS,20,2011-02-22T09:00:00Z,6,16638,United Kingdom
545637,22436,12 COLOURED PARTY BALLOONS,10,2011-03-04T12:16:00Z,6,15514,United Kingdom
545661,22436,12 COLOURED PARTY BALLOONS,20,2011-03-04T14:41:00Z,6,15358,United Kingdom
545907,22436,12 COLOURED PARTY BALLOONS,20,2011-03-08T09:24:00Z,6,15806,United Kingdom
546096,22436,12 COLOURED PARTY BALLOONS,60,2011-03-09T11:59:00Z,6,15502,United Kingdom
546951,22436,12 COLOURED PARTY BALLOONS,10,2011-03-18T11:30:00Z,6,17673,United Kingdom
547073,22436,12 COLOURED PARTY BALLOONS,10,2011-03-20T14:23:00Z,6,17211,United Kingdom
547547,22436,12 COLOURED PARTY BALLOONS,1,2011-03-23T15:30:00Z,8,NA,United Kingdom
547729,22436,12 COLOURED PARTY BALLOONS,10,2011-03-25T10:52:00Z,6,15529,United Kingdom
547794,22436,12 COLOURED PARTY BALLOONS,20,2011-03-25T12:13:00Z,6,14085,United Kingdom
548199,22436,12 COLOURED PARTY BALLOONS,20,2011-03-29T16:12:00Z,6,16945,United Kingdom
548893,22436,12 COLOURED PARTY BALLOONS,1,2011-04-04T15:54:00Z,8,NA,United Kingdom
549550,22436,12 COLOURED PARTY BALLOONS,2,2011-04-10T11:45:00Z,6,15038,United Kingdom
549733,22436,12 COLOURED PARTY BALLOONS,20,2011-04-11T16:56:00Z,6,17827,United Kingdom
549742,22436,12 COLOURED PARTY BALLOONS,20,2011-04-12T10:01:00Z,6,12910,United Kingdom
550304,22436,12 COLOURED PARTY BALLOONS,20,2011-04-17T10:27:00Z,6,14092,United Kingdom
550389,22436,12 COLOURED PARTY BALLOONS,10,2011-04-18T11:53:00Z,6,17284,United Kingdom
550500,22436,12 COLOURED PARTY BALLOONS,1,2011-04-18T15:26:00Z,8,NA,United Kingdom
550513,22436,12 COLOURED PARTY BALLOONS,10,2011-04-18T16:37:00Z,6,16928,United Kingdom
550775,22436,12 COLOURED PARTY BALLOONS,20,2011-04-20T13:18:00Z,6,15805,United Kingdom
551056,22436,12 COLOURED PARTY BALLOONS,10,2011-04-26T11:51:00Z,6,16442,United Kingdom
551270,22436,12 COLOURED PARTY BALLOONS,20,2011-04-27T12:35:00Z,6,15891,United Kingdom
551414,22436,12 COLOURED PARTY BALLOONS,20,2011-04-28T13:35:00Z,6,15622,United Kingdom
551516,22436,12 COLOURED PARTY BALLOONS,10,2011-05-01T11:10:00Z,6,14800,United Kingdom
551534,22436,12 COLOURED PARTY BALLOONS,100,2011-05-01T14:59:00Z,6,14655,United Kingdom
551997,22436,12 COLOURED PARTY BALLOONS,2,2011-05-05T15:47:00Z,8,NA,United Kingdom
552822,22436,12 COLOURED PARTY BALLOONS,10,2011-05-11T12:59:00Z,6,15521,United Kingdom
552958,22436,12 COLOURED PARTY BALLOONS,20,2011-05-12T12:49:00Z,6,15498,United Kingdom
553014,22436,12 COLOURED PARTY BALLOONS,5,2011-05-12T18:49:00Z,6,13451,United Kingdom
553074,22436,12 COLOURED PARTY BALLOONS,10,2011-05-13T11:45:00Z,6,15529,United Kingdom
553100,22436,12 COLOURED PARTY BALLOONS,1,2011-05-13T11:57:00Z,6,NA,United Kingdom
553832,22436,12 COLOURED PARTY BALLOONS,20,2011-05-19T11:38:00Z,6,12957,United Kingdom
553864,22436,12 COLOURED PARTY BALLOONS,2,2011-05-19T14:08:00Z,6,15862,United Kingdom
554054,22436,12 COLOURED PARTY BALLOONS,3,2011-05-20T15:29:00Z,8,NA,United Kingdom
554964,22436,12 COLOURED PARTY BALLOONS,2,2011-05-27T15:57:00Z,6,15867,United Kingdom
555474,22436,12 COLOURED PARTY BALLOONS,1,2011-06-03T12:07:00Z,6,NA,United Kingdom
555545,22436,12 COLOURED PARTY BALLOONS,20,2011-06-05T13:08:00Z,6,17735,United Kingdom
555620,22436,12 COLOURED PARTY BALLOONS,20,2011-06-06T11:46:00Z,6,12748,United Kingdom
555835,22436,12 COLOURED PARTY BALLOONS,1,2011-06-07T12:34:00Z,6,14525,United Kingdom
555896,22436,12 COLOURED PARTY BALLOONS,10,2011-06-07T16:04:00Z,6,15640,United Kingdom
556182,22436,12 COLOURED PARTY BALLOONS,4,2011-06-09T11:35:00Z,6,16892,United Kingdom
556189,22436,12 COLOURED PARTY BALLOONS,20,2011-06-09T11:57:00Z,6,15615,United Kingdom
556246,22436,12 COLOURED PARTY BALLOONS,10,2011-06-09T16:16:00Z,6,16113,United Kingdom
556484,22436,12 COLOURED PARTY BALLOONS,6,2011-06-12T13:17:00Z,6,16938,United Kingdom
556777,22436,12 COLOURED PARTY BALLOONS,20,2011-06-14T12:31:00Z,6,14426,United Kingdom
557251,22436,12 COLOURED PARTY BALLOONS,10,2011-06-17T16:07:00Z,6,14085,United Kingdom
557349,22436,12 COLOURED PARTY BALLOONS,20,2011-06-20T10:34:00Z,6,16717,United Kingdom
557397,22436,12 COLOURED PARTY BALLOONS,10,2011-06-20T11:23:00Z,6,17897,United Kingdom
557570,22436,12 COLOURED PARTY BALLOONS,10,2011-06-21T10:48:00Z,6,15998,United Kingdom
557846,22436,12 COLOURED PARTY BALLOONS,10,2011-06-23T10:44:00Z,6,17365,United Kingdom
557886,22436,12 COLOURED PARTY BALLOONS,1,2011-06-23T13:39:00Z,6,17799,United Kingdom
557886,22436,12 COLOURED PARTY BALLOONS,3,2011-06-23T13:39:00Z,6,17799,United Kingdom
557937,22436,12 COLOURED PARTY BALLOONS,2,2011-06-23T15:30:00Z,8,NA,United Kingdom
558610,22436,12 COLOURED PARTY BALLOONS,2,2011-06-30T15:33:00Z,6,NA,United Kingdom
558637,22436,12 COLOURED PARTY BALLOONS,20,2011-06-30T20:08:00Z,6,17891,United Kingdom
558709,22436,12 COLOURED PARTY BALLOONS,10,2011-07-01T13:02:00Z,6,17338,United Kingdom
558869,22436,12 COLOURED PARTY BALLOONS,2,2011-07-04T12:49:00Z,6,NA,United Kingdom
559052,22436,12 COLOURED PARTY BALLOONS,1,2011-07-05T16:53:00Z,8,NA,United Kingdom
559063,22436,12 COLOURED PARTY BALLOONS,10,2011-07-06T10:10:00Z,6,17220,United Kingdom
559980,22436,12 COLOURED PARTY BALLOONS,40,2011-07-14T11:28:00Z,6,17314,United Kingdom
559988,22436,12 COLOURED PARTY BALLOONS,1,2011-07-14T12:17:00Z,6,15402,United Kingdom
560999,22436,12 COLOURED PARTY BALLOONS,2,2011-07-22T14:13:00Z,6,NA,United Kingdom
561077,22436,12 COLOURED PARTY BALLOONS,20,2011-07-24T15:53:00Z,6,17649,United Kingdom
561466,22436,12 COLOURED PARTY BALLOONS,20,2011-07-27T12:50:00Z,6,17243,United Kingdom
561534,22436,12 COLOURED PARTY BALLOONS,20,2011-07-28T09:45:00Z,6,14307,United Kingdom
561803,22436,12 COLOURED PARTY BALLOONS,20,2011-07-29T14:39:00Z,6,17926,United Kingdom
561884,22436,12 COLOURED PARTY BALLOONS,1,2011-07-31T13:07:00Z,6,15453,United Kingdom
561923,22436,12 COLOURED PARTY BALLOONS,20,2011-08-01T12:16:00Z,6,14112,United Kingdom
562218,22436,12 COLOURED PARTY BALLOONS,20,2011-08-03T14:07:00Z,6,13851,United Kingdom
562569,22436,12 COLOURED PARTY BALLOONS,10,2011-08-07T12:05:00Z,6,17323,United Kingdom
562587,22436,12 COLOURED PARTY BALLOONS,10,2011-08-07T14:34:00Z,6,15640,United Kingdom
562688,22436,12 COLOURED PARTY BALLOONS,10,2011-08-08T13:53:00Z,6,13869,United Kingdom
562717,22436,12 COLOURED PARTY BALLOONS,1,2011-08-08T15:42:00Z,8,NA,United Kingdom
563012,22436,12 COLOURED PARTY BALLOONS,3,2011-08-11T12:00:00Z,6,17284,United Kingdom
563193,22436,12 COLOURED PARTY BALLOONS,1,2011-08-12T16:30:00Z,8,NA,United Kingdom
563377,22436,12 COLOURED PARTY BALLOONS,10,2011-08-16T10:44:00Z,6,15002,United Kingdom
563565,22436,12 COLOURED PARTY BALLOONS,5,2011-08-17T14:22:00Z,6,17338,United Kingdom
563944,22436,12 COLOURED PARTY BALLOONS,20,2011-08-22T10:08:00Z,6,17581,United Kingdom
564483,22436,12 COLOURED PARTY BALLOONS,20,2011-08-25T13:46:00Z,6,14050,United Kingdom
564724,22436,12 COLOURED PARTY BALLOONS,4,2011-08-28T12:16:00Z,6,15555,United Kingdom
564840,22436,12 COLOURED PARTY BALLOONS,1,2011-08-30T12:49:00Z,8,NA,United Kingdom
565664,22436,12 COLOURED PARTY BALLOONS,9,2011-09-05T17:36:00Z,6,13211,United Kingdom
565664,22436,12 COLOURED PARTY BALLOONS,10,2011-09-05T17:36:00Z,6,13211,United Kingdom
565920,22436,12 COLOURED PARTY BALLOONS,20,2011-09-08T08:56:00Z,6,15298,United Kingdom
566562,22436,12 COLOURED PARTY BALLOONS,10,2011-09-13T12:18:00Z,6,17365,United Kingdom
566599,22436,12 COLOURED PARTY BALLOONS,10,2011-09-13T15:37:00Z,6,15998,United Kingdom
566938,22436,12 COLOURED PARTY BALLOONS,20,2011-09-15T15:48:00Z,6,14557,United Kingdom
567386,22436,12 COLOURED PARTY BALLOONS,20,2011-09-20T10:38:00Z,6,17863,United Kingdom
567656,22436,12 COLOURED PARTY BALLOONS,1,2011-09-21T14:40:00Z,8,14096,United Kingdom
567665,22436,12 COLOURED PARTY BALLOONS,1,2011-09-21T15:22:00Z,4,NA,United Kingdom
567853,22436,12 COLOURED PARTY BALLOONS,4,2011-09-22T13:31:00Z,6,15484,United Kingdom
568202,22436,12 COLOURED PARTY BALLOONS,20,2011-09-25T15:01:00Z,6,15366,United Kingdom
568228,22436,12 COLOURED PARTY BALLOONS,20,2011-09-26T11:02:00Z,6,15358,United Kingdom
568314,22436,12 COLOURED PARTY BALLOONS,6,2011-09-26T12:58:00Z,6,14387,United Kingdom
569011,22436,12 COLOURED PARTY BALLOONS,20,2011-09-30T08:14:00Z,6,14655,United Kingdom
569216,22436,12 COLOURED PARTY BALLOONS,4,2011-10-02T12:41:00Z,6,15555,United Kingdom
569424,22436,12 COLOURED PARTY BALLOONS,10,2011-10-04T10:49:00Z,6,15529,United Kingdom
569424,22436,12 COLOURED PARTY BALLOONS,10,2011-10-04T10:49:00Z,6,15529,United Kingdom
569424,22436,12 COLOURED PARTY BALLOONS,10,2011-10-04T10:49:00Z,6,15529,United Kingdom
569470,22436,12 COLOURED PARTY BALLOONS,10,2011-10-04T12:25:00Z,6,17673,United Kingdom
570444,22436,12 COLOURED PARTY BALLOONS,10,2011-10-10T14:38:00Z,6,17284,United Kingdom
570719,22436,12 COLOURED PARTY BALLOONS,3,2011-10-12T10:45:00Z,6,17913,United Kingdom
570983,22436,12 COLOURED PARTY BALLOONS,4,2011-10-13T11:57:00Z,6,14963,United Kingdom
571280,22436,12 COLOURED PARTY BALLOONS,2,2011-10-16T13:08:00Z,6,18122,United Kingdom
571372,22436,12 COLOURED PARTY BALLOONS,1,2011-10-17T11:55:00Z,6,17201,United Kingdom
571372,22436,12 COLOURED PARTY BALLOONS,1,2011-10-17T11:55:00Z,6,17201,United Kingdom
571427,22436,12 COLOURED PARTY BALLOONS,48,2011-10-17T12:46:00Z,6,17205,United Kingdom
571500,22436,12 COLOURED PARTY BALLOONS,3,2011-10-17T15:09:00Z,6,NA,United Kingdom
572312,22436,12 COLOURED PARTY BALLOONS,10,2011-10-23T15:47:00Z,6,15022,United Kingdom
573916,22436,12 COLOURED PARTY BALLOONS,2,2011-11-01T15:57:00Z,6,NA,United Kingdom
574686,22436,12 COLOURED PARTY BALLOONS,5,2011-11-06T13:00:00Z,6,17608,United Kingdom
574718,22436,12 COLOURED PARTY BALLOONS,40,2011-11-06T14:36:00Z,6,15513,United Kingdom
574958,22436,12 COLOURED PARTY BALLOONS,20,2011-11-08T10:00:00Z,6,14050,United Kingdom
575366,22436,12 COLOURED PARTY BALLOONS,20,2011-11-09T15:02:00Z,6,14621,United Kingdom
575844,22436,12 COLOURED PARTY BALLOONS,1,2011-11-11T12:04:00Z,6,NA,United Kingdom
576339,22436,12 COLOURED PARTY BALLOONS,1,2011-11-14T15:27:00Z,8,14096,United Kingdom
576599,22436,12 COLOURED PARTY BALLOONS,10,2011-11-15T15:06:00Z,6,14544,United Kingdom
576688,22436,12 COLOURED PARTY BALLOONS,20,2011-11-16T12:16:00Z,6,16717,United Kingdom
576860,22436,12 COLOURED PARTY BALLOONS,10,2011-11-16T15:58:00Z,6,17602,United Kingdom
576916,22436,12 COLOURED PARTY BALLOONS,40,2011-11-17T10:24:00Z,6,14655,United Kingdom
577010,22436,12 COLOURED PARTY BALLOONS,3,2011-11-17T12:11:00Z,6,15506,United Kingdom
577493,22436,12 COLOURED PARTY BALLOONS,10,2011-11-20T12:13:00Z,6,17323,United Kingdom
577711,22436,12 COLOURED PARTY BALLOONS,2,2011-11-21T12:17:00Z,6,15527,United Kingdom
577800,22436,12 COLOURED PARTY BALLOONS,20,2011-11-21T17:00:00Z,6,15484,United Kingdom
578041,22436,12 COLOURED PARTY BALLOONS,5,2011-11-22T14:23:00Z,6,17338,United Kingdom
578041,22436,12 COLOURED PARTY BALLOONS,10,2011-11-22T14:23:00Z,6,17338,United Kingdom
578088,22436,12 COLOURED PARTY BALLOONS,10,2011-11-22T16:47:00Z,6,16376,United Kingdom
578270,22436,12 COLOURED PARTY BALLOONS,1,2011-11-23T13:39:00Z,8,14096,United Kingdom
579171,22436,12 COLOURED PARTY BALLOONS,10,2011-11-28T14:30:00Z,6,13030,United Kingdom
579433,22436,12 COLOURED PARTY BALLOONS,20,2011-11-29T13:15:00Z,6,17466,United Kingdom
579462,22436,12 COLOURED PARTY BALLOONS,20,2011-11-29T14:43:00Z,6,13211,United Kingdom
579536,22436,12 COLOURED PARTY BALLOONS,20,2011-11-30T09:53:00Z,6,12957,United Kingdom
579872,22436,12 COLOURED PARTY BALLOONS,10,2011-11-30T16:54:00Z,6,14085,United Kingdom
580115,22436,12 COLOURED PARTY BALLOONS,1,2011-12-01T16:22:00Z,8,NA,United Kingdom
580541,22436,12 COLOURED PARTY BALLOONS,20,2011-12-05T09:03:00Z,6,15358,United Kingdom
580647,22436,12 COLOURED PARTY BALLOONS,1,2011-12-05T13:14:00Z,6,14083,United Kingdom
580776,22436,12 COLOURED PARTY BALLOONS,2,2011-12-06T11:05:00Z,6,14562,United Kingdom
581129,22436,12 COLOURED PARTY BALLOONS,20,2011-12-07T12:48:00Z,6,15498,United Kingdom
